<?xml version="1.0" encoding="UTF-8"?>
<!--

    This file is part of JEMMA - http://jemma.energy-home.org
    (C) Copyright 2013 Telecom Italia (http://www.telecomitalia.it)

    JEMMA is free software: you can redistribute it and/or modify
    it under the terms of the GNU Lesser General Public License (LGPL) version 3
    or later as published by the Free Software Foundation, which accompanies
    this distribution and is available at http://www.gnu.org/licenses/lgpl.html

    JEMMA is distributed in the hope that it will be useful,
    but WITHOUT ANY WARRANTY; without even the implied warranty of
    MERCHANTABILITY or FITNESS FOR A PARTICULAR PURPOSE.  See the
    GNU Lesser General Public License (LGPL) for more details.


-->
<scr:component xmlns:scr="http://www.osgi.org/xmlns/scr/v1.1.0" activate="start" deactivate="stop" name="M2M Local Service">
   <implementation class="org.energy_home.jemma.internal.shapi.M2MLocalService"/>
   <reference bind="setHttpService" cardinality="1..1" interface="org.osgi.service.http.HttpService" name="HttpService" policy="static" unbind="unsetHttpService"/>
   <reference bind="setM2MNetworkScl" cardinality="0..1" interface="org.energy_home.jemma.ah.m2m.device.M2MNetworkScl" name="M2MNetworkScl" policy="dynamic" unbind="unsetM2MNetworkScl"/>
   <reference bind="setAppliancesProxy" cardinality="1..1" interface="org.energy_home.jemma.ah.hac.lib.ext.IAppliancesProxy" name="IAppliancesProxy" policy="static" unbind="unsetAppliancesProxy"/>
   <reference bind="setM2MHapService" cardinality="1..1" interface="org.energy_home.jemma.ah.hap.client.IM2MHapService" name="IM2MHapService" policy="static" unbind="unsetM2MHapService"/>
   <reference bind="addNetworkManager" cardinality="0..n" interface="org.energy_home.jemma.ah.hac.lib.ext.INetworkManager" name="INetworkManager" policy="dynamic" unbind="removeNetworkManager"/>
   <service>
      <provide interface="org.energy_home.jemma.ah.hac.IApplicationService"/>
      <provide interface="org.energy_home.jemma.ah.hap.client.IM2MLocalService"/>
   </service>
   <property name="ah.application.name" type="String" value="ah.hap.client"/>
   <reference bind="setExecutorService" cardinality="1..1" interface="org.energy_home.jemma.utils.thread.ExecutorService" name="ExecutorService" policy="static" unbind="unsetExecutorService"/>
   <reference bind="addM2MLocalListener" cardinality="0..n" interface="org.energy_home.jemma.ah.hap.client.IM2MLocalListener" name="IM2MLocalListener" policy="dynamic" unbind="removeM2MLocalListener"/>
</scr:component>
