<?xml version="1.0" encoding="UTF-8"?>
<!--

    This file is part of JEMMA - http://jemma.energy-home.org
    (C) Copyright 2013 Telecom Italia (http://www.telecomitalia.it)

    JEMMA is free software: you can redistribute it and/or modify
    it under the terms of the GNU Lesser General Public License (LGPL) version 3
    or later as published by the Free Software Foundation, which accompanies
    this distribution and is available at http://www.gnu.org/licenses/lgpl.html

    JEMMA is distributed in the hope that it will be useful,
    but WITHOUT ANY WARRANTY; without even the implied warranty of
    MERCHANTABILITY or FITNESS FOR A PARTICULAR PURPOSE.  See the
    GNU Lesser General Public License (LGPL) for more details.


-->
<bindings xmlns="http://java.sun.com/xml/ns/jaxb" version="2.1" 
	xmlns:xs="http://www.w3.org/2001/XMLSchema"
	xmlns:xjc="http://java.sun.com/xml/ns/jaxb/xjc" 
  	extensionBindingPrefixes="xjc">
  <globalBindings> 
<!-- 
	<xjc:serializable uid="1"/>
	<xjc:superInterface name="org.energy_home.jemma.schemas.m2m.core.XmlValue"/>
    <javaType name="java.util.Calendar" xmlType="xs:dateTime"
      parseMethod="org.energy_home.jemma.m2m.M2MXmlDateTimeConverter.parseDateTime"
      printMethod="org.energy_home.jemma.m2m.M2MXmlDateTimeConverter.printDateTime"
    />
-->
	<xjc:simple/>
    <xjc:superClass name="org.energy_home.jemma.m2m.connection.M2MConnectionXmlObject"/>
  </globalBindings>

<!-- 
  <bindings schemaLocation="m2m.xsd" node="/xs:schema">
        <bindings node="//xs:complexType[@name='Content']//xs:choice//xs:any">
            <property name="Data"/>
        </bindings>
  </bindings>
-->  
</bindings>
